City_ID,City,Lat,Lng,Max Temp,Humidity,Cloudiness,Wind Speed,Country,Date,Temp_C,Wind KmH
0,grytviken,-54.2811,-36.5092,274.26,59,88,2.23,GS,1684988176,1.1100000000000136,8.028
1,natal,-5.795,-35.2094,297.51,100,20,2.57,BR,1684988540,24.360000000000014,9.251999999999999
2,tiksi,71.6872,128.8694,271.76,75,19,2.03,RU,1684988155,-1.3899999999999864,7.308
3,blackmans bay,-43.0167,147.3167,287.22,59,45,5.37,AU,1684988159,14.07000000000005,19.332
4,isafjordur,66.0755,-23.124,276.78,77,49,10.44,IS,1684988182,3.6299999999999955,37.583999999999996
5,arraial do cabo,-22.9661,-42.0278,295.13,84,0,3.62,BR,1684988215,21.980000000000018,13.032
6,edinburgh of the seven seas,-37.0676,-12.3116,288.22,74,98,14.2,SH,1684988205,15.07000000000005,51.12
7,banda aceh,5.5577,95.3222,303.89,66,36,5.24,ID,1684988542,30.74000000000001,18.864
8,dergachi,51.2328,48.7659,295.14,42,82,7.31,RU,1684988543,21.99000000000001,26.316
9,dunedin,-45.8742,170.5036,289.71,58,18,1.79,NZ,1684988013,16.560000000000002,6.444
10,keflavik,64.0049,-22.5624,279.39,75,75,10.8,IS,1684988274,6.240000000000009,38.88
11,ilulissat,69.2167,-51.1,273.16,51,93,6.17,GL,1684988171,0.010000000000047748,22.212
12,invercargill,-46.4,168.35,287.42,71,93,3.57,NZ,1684988157,14.270000000000039,12.852
13,longyearbyen,78.2186,15.6401,275.06,75,75,5.14,SJ,1684988163,1.910000000000025,18.503999999999998
14,witu,-2.3889,40.4382,297.24,89,18,2.28,KE,1684988544,24.090000000000032,8.208
15,puerto natales,-51.7236,-72.4875,271.74,87,64,2.0,CL,1684988161,-1.4099999999999682,7.2
16,port-aux-francais,-49.35,70.2167,278.88,99,100,8.57,TF,1684988157,5.730000000000018,30.852
17,west island,-12.1568,96.8225,299.14,89,100,5.66,CC,1684988159,25.99000000000001,20.376
18,margaret river,-33.95,115.0667,288.36,56,59,4.64,AU,1684988302,15.210000000000036,16.704
19,bankim,6.083,11.4905,293.42,97,100,0.39,CM,1684988546,20.27000000000004,1.4040000000000001
20,ust-nera,64.5667,143.2,277.53,88,86,1.53,RU,1684988303,4.3799999999999955,5.508
21,sinop,41.7711,34.8709,286.97,81,5,0.65,TR,1684988502,13.82000000000005,2.3400000000000003
22,olonkinbyen,70.9221,-8.7187,270.75,90,100,17.69,SJ,1684988160,-2.3999999999999773,63.684000000000005
23,waitangi,-43.9535,-176.5597,284.72,78,40,2.68,NZ,1684988158,11.57000000000005,9.648000000000001
24,hermanus,-34.4187,19.2345,285.82,85,99,8.99,ZA,1684988193,12.670000000000016,32.364000000000004
25,san patricio,28.017,-97.5169,300.07,78,41,3.02,US,1684988320,26.920000000000016,10.872
26,antofagasta,-23.65,-70.4,290.75,83,39,1.85,CL,1684987935,17.600000000000023,6.66
27,stanley,54.868,-1.6985,281.91,94,0,1.54,GB,1684988156,8.760000000000048,5.5440000000000005
28,whitehorse,60.7161,-135.0538,289.99,38,20,7.15,CA,1684988216,16.840000000000032,25.740000000000002
29,manado,1.487,124.8455,307.58,62,40,3.09,ID,1684988548,34.43000000000001,11.124
30,adamstown,-25.066,-130.1015,296.78,72,58,2.76,PN,1684988155,23.629999999999995,9.936
31,san antonio de pale,-1.4014,5.6325,299.49,89,98,6.36,GQ,1684988219,26.340000000000032,22.896
32,mersing,2.4312,103.8405,305.1,74,40,5.14,MY,1684988549,31.950000000000045,18.503999999999998
33,cidreira,-30.1811,-50.2056,293.13,90,100,5.83,BR,1684988174,19.980000000000018,20.988
34,kuta,-8.7233,115.1723,302.12,74,20,6.26,ID,1684988550,28.970000000000027,22.536
35,iskateley,67.6803,53.1512,290.7,69,97,4.49,RU,1684988158,17.55000000000001,16.164
36,tazacorte,28.629,-17.9293,290.69,78,20,4.12,ES,1684988311,17.54000000000002,14.832
37,albany,42.6001,-73.9662,281.84,84,69,2.27,US,1684987993,8.689999999999998,8.172
38,vorkuta,67.5,64.0,287.0,63,100,6.42,RU,1684988287,13.850000000000023,23.112000000000002
39,afaahiti,-17.75,-149.2833,299.85,76,50,1.75,PF,1684988264,26.700000000000045,6.3
40,bethel,41.3712,-73.414,285.89,82,40,3.6,US,1684988155,12.740000000000009,12.96
41,sisimiut,66.9395,-53.6735,271.72,70,87,2.65,GL,1684988155,-1.42999999999995,9.54
42,utrik,11.2278,169.8474,300.78,79,100,7.1,MH,1684988210,27.629999999999995,25.56
43,avarua,-21.2078,-159.775,299.18,78,72,5.14,CK,1684987955,26.03000000000003,18.503999999999998
44,aasiaat,68.7098,-52.8699,268.06,84,100,3.03,GL,1684988162,-5.089999999999975,10.908
45,mhangura,-16.8939,30.1683,286.05,81,0,0.47,ZW,1684988553,12.900000000000034,1.692
46,illizi,26.4833,8.4667,297.04,10,100,2.57,DZ,1684988554,23.890000000000043,9.251999999999999
47,kasama,-10.2129,31.1808,286.24,92,8,1.73,ZM,1684988554,13.090000000000032,6.228
48,sassandra,4.95,-6.0833,299.21,90,89,2.72,CI,1684988555,26.060000000000002,9.792000000000002
49,thompson,55.7435,-97.8558,288.24,36,75,1.54,CA,1684988200,15.090000000000032,5.5440000000000005
50,lebu,-37.6167,-73.65,283.95,87,86,3.67,CL,1684988316,10.800000000000011,13.212
51,kuragino,53.8975,92.6725,283.66,37,61,3.91,RU,1684988557,10.510000000000048,14.076
52,punta arenas,-53.15,-70.9167,276.21,70,0,7.2,CL,1684987948,3.0600000000000023,25.92
53,gakem,6.7658,8.9881,297.33,95,97,3.53,NG,1684988558,24.180000000000007,12.708
54,bahar,34.9072,48.4414,290.24,63,0,1.03,IR,1684988559,17.090000000000032,3.708
55,tazovsky,67.4667,78.7,277.42,76,14,3.05,RU,1684988161,4.270000000000039,10.98
56,la ronge,55.1001,-105.2842,282.29,93,100,2.06,CA,1684988560,9.140000000000043,7.416
57,mount isa,-20.7333,139.5,301.02,26,0,3.6,AU,1684988186,27.870000000000005,12.96
58,alice springs,-23.7,133.8833,298.9,13,0,3.09,AU,1684988108,25.75,11.124
59,yellowknife,62.456,-114.3525,290.13,58,20,4.92,CA,1684988157,16.980000000000018,17.712
60,chinsali,-10.5414,32.0816,286.48,86,21,1.92,ZM,1684988561,13.330000000000041,6.912
61,port mathurin,-19.6833,63.4167,298.22,71,78,4.79,MU,1684988208,25.07000000000005,17.244
62,atafu village,-8.5421,-172.5159,301.26,70,75,1.18,TK,1684988239,28.110000000000014,4.248
63,luderitz,-26.6481,15.1594,285.25,88,19,3.62,NA,1684988210,12.100000000000023,13.032
64,hadibu,12.65,54.0333,302.57,69,62,2.86,YE,1684988268,29.420000000000016,10.296
65,anisoc,1.8658,10.7689,294.47,99,96,0.4,GQ,1684988562,21.32000000000005,1.4400000000000002
66,bredasdorp,-34.5322,20.0403,286.31,86,100,5.67,ZA,1684988158,13.160000000000025,20.412
67,flin flon,54.7682,-101.865,287.69,69,79,3.13,CA,1684988563,14.54000000000002,11.268
68,kapuskasing,49.4169,-82.4331,278.15,60,0,1.03,CA,1684988222,5.0,3.708
69,bandar lampung,-5.4254,105.258,302.93,63,22,2.87,ID,1684988564,29.78000000000003,10.332
70,kyabe,9.4515,18.9449,301.83,41,80,3.17,TD,1684988564,28.680000000000007,11.412
71,vilyuchinsk,52.9306,158.4028,287.3,76,32,2.43,RU,1684988250,14.150000000000034,8.748000000000001
72,thunder bay,48.4001,-89.3168,274.1,69,0,1.54,CA,1684988384,0.9500000000000455,5.5440000000000005
73,iquique,-20.2208,-70.1431,292.17,79,55,0.99,CL,1684988567,19.02000000000004,3.564
74,tottenham,-32.2333,147.35,294.05,22,91,7.52,AU,1684988568,20.900000000000034,27.072
75,qaqortoq,60.7167,-46.0333,273.7,99,100,4.27,GL,1684988196,0.5500000000000114,15.371999999999998
76,udachny,66.4167,112.4,276.18,74,100,6.63,RU,1684988166,3.0300000000000296,23.868
77,bikenibeu village,1.3673,173.1241,304.13,70,40,2.06,KI,1684988160,30.980000000000018,7.416
78,bako,5.7833,36.5667,289.91,92,96,1.93,ET,1684988569,16.760000000000048,6.9479999999999995
79,kingston,17.997,-76.7936,301.68,81,20,2.06,JM,1684988155,28.53000000000003,7.416
80,klyuchi,52.2667,79.1667,291.43,26,64,3.98,RU,1684988207,18.28000000000003,14.328
81,jumla,29.2747,82.1838,285.1,90,100,2.4,NP,1684988107,11.950000000000045,8.64
82,ribeira grande,38.5167,-28.7,289.14,79,17,3.13,PT,1684988179,15.990000000000009,11.268
83,porto seguro,-16.4497,-39.0647,296.44,94,100,4.12,BR,1684988571,23.29000000000002,14.832
84,yanam,16.7333,82.2167,309.22,49,40,3.04,IN,1684988571,36.07000000000005,10.944
85,college,64.8569,-147.8028,293.47,40,75,2.57,US,1684988156,20.32000000000005,9.251999999999999
86,santiago de cao,-7.9589,-79.2392,296.22,78,100,4.12,PE,1684988343,23.07000000000005,14.832
87,yarmouth,41.7057,-70.2286,286.18,93,100,10.73,US,1684988572,13.03000000000003,38.628
88,beaumont,30.0861,-94.1019,297.17,78,75,2.57,US,1684988572,24.02000000000004,9.251999999999999
89,sao tome,0.3365,6.7273,299.64,85,100,3.49,ST,1684988252,26.49000000000001,12.564000000000002
90,plastun,44.7561,136.2939,295.69,40,65,5.0,RU,1684988572,22.54000000000002,18.0
91,grand falls-windsor,48.9332,-55.6649,278.43,81,9,3.06,CA,1684988251,5.28000000000003,11.016
92,iron mountain,45.8202,-88.066,280.05,51,0,2.06,US,1684988573,6.900000000000034,7.416
93,dudinka,69.4058,86.1778,274.05,95,99,2.39,RU,1684988270,0.9000000000000341,8.604000000000001
94,wailua homesteads,22.0669,-159.378,299.39,75,40,7.2,US,1684988164,26.24000000000001,25.92
95,alofi,-19.0595,-169.9187,297.09,83,100,2.06,NU,1684988574,23.939999999999998,7.416
96,linqiong,30.4159,103.4609,296.05,72,100,0.28,CN,1684988574,22.900000000000034,1.0080000000000002
97,georgetown,5.4112,100.3354,306.11,66,40,2.57,MY,1684987915,32.960000000000036,9.251999999999999
98,ternate,0.8,127.4,301.7,78,59,4.76,ID,1684988575,28.55000000000001,17.136
99,pacific grove,36.6177,-121.9166,286.49,86,75,5.66,US,1684988246,13.340000000000032,20.376
100,ngardmau,7.6099,134.5744,302.36,71,12,5.66,PW,1684988575,29.210000000000036,20.376
101,poronaysk,49.2167,143.1167,294.21,46,63,2.12,RU,1684988379,21.060000000000002,7.632000000000001
102,galliano,29.4422,-90.2992,296.15,79,3,3.4,US,1684988575,23.0,12.24
103,port elizabeth,-33.918,25.5701,289.44,85,20,3.6,ZA,1684988195,16.29000000000002,12.96
104,papatowai,-46.5619,169.4708,287.79,67,93,3.52,NZ,1684988188,14.640000000000043,12.672
105,saynshand,44.8824,110.1163,293.1,19,3,8.91,MN,1684988576,19.950000000000045,32.076
106,iwamizawa,43.2003,141.7597,298.75,40,8,2.62,JP,1684988576,25.600000000000023,9.432
107,saipan,15.1355,145.701,302.54,100,100,12.96,MP,1684988217,29.390000000000043,46.656000000000006
108,narvik,68.4384,17.4272,280.58,90,100,4.1,NO,1684988576,7.430000000000007,14.76
109,uturoa,-16.7333,-151.4333,300.6,70,26,2.53,PF,1684988159,27.450000000000045,9.107999999999999
110,waingapu,-9.6567,120.2641,302.08,66,26,6.44,ID,1684988206,28.930000000000007,23.184
111,isangel,-19.55,169.2667,300.21,54,40,1.54,VU,1684988252,27.060000000000002,5.5440000000000005
112,senanga,-16.1167,23.2667,286.81,53,2,2.13,ZM,1684988577,13.660000000000025,7.668
113,argo,37.6333,22.7333,290.25,69,3,1.33,GR,1684988577,17.100000000000023,4.788
114,mount gambier,-37.8333,140.7667,286.0,67,76,6.1,AU,1684988325,12.850000000000023,21.96
115,upper grand lagoon,30.1633,-85.7408,295.42,80,9,0.89,US,1684988577,22.27000000000004,3.204
116,minas de marcona,-15.2119,-75.1103,287.61,89,55,5.09,PE,1684988334,14.460000000000036,18.324
117,bubaque,11.2833,-15.8333,300.57,69,89,5.51,GW,1684988310,27.420000000000016,19.836
118,broome,42.2506,-75.833,281.36,85,75,4.63,US,1684988578,8.210000000000036,16.668
119,anadyr,64.75,177.4833,277.43,75,0,4.0,RU,1684988185,4.28000000000003,14.4
120,kzyltu,53.6364,72.3414,296.09,31,67,3.94,KZ,1684988578,22.939999999999998,14.184
121,aykhal,66.0,111.5,274.36,80,100,6.47,RU,1684988211,1.2100000000000364,23.291999999999998
122,nelson bay,-32.7167,152.15,295.93,56,100,2.24,AU,1684988578,22.78000000000003,8.064000000000002
123,lubao,14.9167,120.55,306.99,59,83,1.82,PH,1684988579,33.84000000000003,6.5520000000000005
124,port lincoln,-34.7333,135.8667,286.45,70,76,8.34,AU,1684988212,13.300000000000011,30.024
125,santa ana,33.7456,-117.8678,290.88,78,100,3.09,US,1684988469,17.730000000000018,11.124
126,namibe,-15.1961,12.1522,292.39,84,2,6.17,AO,1684988339,19.24000000000001,22.212
127,sandnessjoen,66.0217,12.6316,279.21,79,40,8.75,NO,1684988265,6.060000000000002,31.5
128,colonia,50.9333,6.95,283.07,87,0,1.03,DE,1684987960,9.920000000000016,3.708
129,primorsko-akhtarsk,46.0497,38.1747,288.55,95,83,0.57,RU,1684988579,15.400000000000034,2.052
130,kuanda,56.3161,116.0806,282.27,77,100,1.74,RU,1684988236,9.120000000000005,6.264
131,gabu,12.2833,-14.2167,301.28,62,92,3.85,GW,1684988580,28.129999999999995,13.860000000000001
132,celestun,20.8667,-90.4,299.23,76,1,5.14,MX,1684988580,26.08000000000004,18.503999999999998
133,songjiang,31.036,121.2146,300.13,50,70,3.56,CN,1684988580,26.980000000000018,12.816
134,bilibino,68.0546,166.4372,284.6,38,15,1.11,RU,1684988201,11.450000000000045,3.9960000000000004
135,petropavlovsk-kamchatsky,53.0452,158.6483,286.48,41,75,6.0,RU,1684988156,13.330000000000041,21.6
136,morshansk,53.4435,41.8107,290.22,88,84,2.42,RU,1684988581,17.07000000000005,8.712
137,chonchi,-42.6128,-73.8092,281.71,81,84,6.19,CL,1684988216,8.560000000000002,22.284000000000002
138,arkhipo-osipovka,44.37,38.52,290.18,92,53,0.65,RU,1684988581,17.03000000000003,2.3400000000000003
139,kailua-kona,19.6406,-155.9956,300.13,80,100,6.69,US,1684988233,26.980000000000018,24.084000000000003
140,ijebu-jesa,7.6833,4.8167,295.69,99,100,1.12,NG,1684988582,22.54000000000002,4.032000000000001
141,al bawiti,28.3492,28.8659,293.73,56,3,3.72,EG,1684988582,20.58000000000004,13.392000000000001
142,puerto ayora,-0.7393,-90.3518,297.9,94,2,0.89,EC,1684988156,24.75,3.204
143,constitucion,-35.3333,-72.4167,285.34,76,100,1.14,CL,1684988456,12.189999999999998,4.104
144,canutama,-6.5339,-64.3831,296.46,99,100,0.46,BR,1684988360,23.310000000000002,1.6560000000000001
145,ancud,-41.8697,-73.8203,283.68,77,95,11.3,CL,1684988291,10.53000000000003,40.68000000000001
146,kodiak,57.79,-152.4072,279.88,76,100,4.63,US,1684988218,6.730000000000018,16.668
147,lata,40.1629,-8.3327,287.64,81,11,1.31,PT,1684988264,14.490000000000009,4.716
148,vikulovo,56.8167,70.6107,291.26,66,99,4.34,RU,1684988585,18.110000000000014,15.624
149,ushuaia,-54.8,-68.3,276.96,81,20,4.63,AR,1684987902,3.8100000000000023,16.668
150,hasaki,35.7333,140.8333,298.31,56,100,3.81,JP,1684988238,25.160000000000025,13.716000000000001
151,sao joao da barra,-21.6403,-41.0511,293.66,85,2,2.4,BR,1684988295,20.510000000000048,8.64
152,new norfolk,-42.7826,147.0587,287.87,62,50,1.34,AU,1684988321,14.720000000000027,4.824000000000001
153,wagar,16.1525,36.2032,302.82,51,1,3.36,SD,1684988586,29.670000000000016,12.096
154,kuqa,41.7278,82.9364,295.26,25,100,3.6,CN,1684988587,22.110000000000014,12.96
155,ola,59.5833,151.2833,275.59,85,100,2.44,RU,1684988161,2.4399999999999977,8.784
156,nadi,-17.8,177.4167,298.15,69,75,5.66,FJ,1684988588,25.0,20.376
157,lucapa,-8.4192,20.7447,293.09,70,9,0.63,AO,1684988589,19.939999999999998,2.2680000000000002
158,coahuayana de hidalgo,18.7,-103.6583,298.14,84,46,0.66,MX,1684988591,24.99000000000001,2.3760000000000003
159,tromso,69.6496,18.957,280.16,57,75,13.89,NO,1684988591,7.010000000000048,50.004000000000005
160,tupiza,-21.45,-65.7167,282.68,20,3,2.55,BO,1684988592,9.53000000000003,9.18
161,arkhangel'sk,64.5401,40.5433,291.69,64,20,3.59,RU,1684988592,18.54000000000002,12.924
162,kievka,50.2619,71.5514,294.55,32,8,2.94,KZ,1684988592,21.400000000000034,10.584
163,la passe,45.5549,-0.8967,285.38,84,80,6.1,FR,1684988354,12.230000000000018,21.96
164,tselina,46.5338,41.0328,291.07,87,100,2.53,RU,1684988593,17.920000000000016,9.107999999999999
165,bakchar,57.0186,82.0711,286.03,34,61,3.34,RU,1684988594,12.879999999999995,12.024
166,cabo san lucas,22.8909,-109.9124,300.76,61,100,6.66,MX,1684988088,27.610000000000014,23.976000000000003
167,santanyi,39.3546,3.1291,289.61,85,8,3.04,ES,1684988595,16.460000000000036,10.944
168,monrovia,6.3005,-10.7969,299.02,86,100,3.17,LR,1684988595,25.870000000000005,11.412
169,vorgashor,67.5833,63.95,285.79,67,100,6.15,RU,1684988278,12.640000000000043,22.14
170,riacho de santana,-13.6092,-42.9389,293.81,66,1,3.24,BR,1684988596,20.660000000000025,11.664000000000001
171,kidal,18.4411,1.4078,303.26,14,2,10.48,ML,1684988339,30.110000000000014,37.728
172,zhalantun,48.0,122.7167,297.96,34,100,7.05,CN,1684988596,24.810000000000002,25.38
173,saldanha,-33.0117,17.9442,287.28,91,100,4.58,ZA,1684988230,14.129999999999995,16.488
174,mtwara,-10.2667,40.1833,294.94,91,2,3.43,TZ,1684988597,21.79000000000002,12.348
175,constantia,44.1833,28.65,290.76,77,61,1.59,RO,1684988334,17.610000000000014,5.724
176,codrington,-38.2667,141.9667,286.4,70,86,9.41,AU,1684988197,13.25,33.876000000000005
177,nova vicosa,-17.8919,-39.3719,296.93,77,9,5.17,BR,1684988229,23.78000000000003,18.612000000000002
178,tukrah,32.5341,20.5791,293.77,60,37,5.35,LY,1684988598,20.620000000000005,19.259999999999998
179,taungdwingyi,20.0167,95.55,307.83,43,40,6.0,MM,1684988598,34.68000000000001,21.6
180,saint-mandrier-sur-mer,43.078,5.929,291.17,80,0,2.57,FR,1684988599,18.02000000000004,9.251999999999999
181,guajara mirim,-10.7828,-65.3394,295.83,99,100,0.55,BR,1684988599,22.680000000000007,1.9800000000000002
182,ghanzi,-21.5667,21.7833,289.07,32,16,4.56,BW,1684988599,15.920000000000016,16.416
183,okha,53.5739,142.9478,278.61,76,88,7.28,RU,1684988185,5.460000000000036,26.208000000000002
184,newman,37.3138,-121.0208,293.16,60,1,3.13,US,1684988231,20.010000000000048,11.268
185,bagnes,46.0833,7.2167,284.18,88,75,0.51,CH,1684988600,11.03000000000003,1.836
186,santa terezinha,-29.9002,-50.0904,292.87,86,92,5.06,BR,1684988261,19.720000000000027,18.215999999999998
187,suntar,62.1444,117.6319,288.09,20,11,3.35,RU,1684988601,14.939999999999998,12.06
188,remire-montjoly,4.9167,-52.2667,297.17,100,0,0.51,GF,1684988158,24.02000000000004,1.836
189,osternienburger land,51.8015,12.0257,280.88,76,0,1.59,DE,1684988602,7.730000000000018,5.724
190,nemuro,43.3236,145.575,285.03,73,1,6.68,JP,1684988243,11.879999999999995,24.048
191,kogota,38.55,141.05,292.09,42,95,4.22,JP,1684988603,18.939999999999998,15.192
192,puerto baquerizo moreno,-0.9,-89.6,298.07,79,0,3.13,EC,1684988312,24.920000000000016,11.268
193,warrnambool,-38.3833,142.4833,286.22,73,88,10.73,AU,1684988603,13.07000000000005,38.628
194,coquimbo,-29.9533,-71.3436,286.0,94,0,1.03,CL,1684988251,12.850000000000023,3.708
195,beitbridge,-22.2167,30.0,290.12,77,0,2.24,ZW,1684988355,16.970000000000027,8.064000000000002
196,ust'-barguzin,53.45,108.9833,279.02,58,39,5.52,RU,1684988604,5.8700000000000045,19.872
197,antalaha,-14.9003,50.2788,295.44,91,75,1.72,MG,1684988604,22.29000000000002,6.192
198,manta,-0.95,-80.7333,299.03,83,75,3.6,EC,1684988273,25.879999999999995,12.96
199,shingu,33.7333,135.9833,293.01,78,76,3.56,JP,1684988605,19.860000000000014,12.816
200,tolanaro,-25.0319,46.9987,292.93,67,97,2.06,MG,1684988155,19.78000000000003,7.416
201,xilin hot,43.9667,116.0333,289.07,46,96,9.9,CN,1684988606,15.920000000000016,35.64
202,labytnangi,66.6572,66.4183,289.07,52,3,5.13,RU,1684988606,15.920000000000016,18.468
203,langsa,4.4683,97.9683,301.52,83,99,1.07,ID,1684988606,28.370000000000005,3.8520000000000003
204,iqaluit,63.7506,-68.5145,272.0,86,100,2.24,CA,1684988191,-1.1499999999999773,8.064000000000002
205,touros,-5.1989,-35.4608,297.05,90,70,3.45,BR,1684988341,23.900000000000034,12.420000000000002
206,melfi,40.9965,15.6514,283.42,78,71,1.3,IT,1684988607,10.270000000000039,4.680000000000001
207,barclayville,4.6797,-8.2339,298.24,93,99,2.15,LR,1684988607,25.090000000000032,7.74
208,atasu,48.6814,71.6433,293.95,33,19,3.83,KZ,1684988607,20.80000000000001,13.788
209,richards bay,-28.783,32.0377,290.97,86,5,5.37,ZA,1684988237,17.82000000000005,19.332
210,ebon,4.582,168.6964,301.08,73,100,3.94,MH,1684988608,27.930000000000007,14.184
211,holualoa,19.6228,-155.9522,298.06,80,100,6.69,US,1684988608,24.910000000000025,24.084000000000003
212,vadso,70.0744,29.7487,284.64,66,20,6.69,NO,1684988296,11.490000000000009,24.084000000000003
213,puerto ayacucho,5.6639,-67.6236,297.08,92,99,1.84,VE,1684988609,23.930000000000007,6.6240000000000006
214,lihue,21.9789,-159.3672,299.73,75,40,7.2,US,1684988272,26.58000000000004,25.92
215,rio grande,-32.035,-52.0986,291.97,89,100,4.65,BR,1684988034,18.82000000000005,16.740000000000002
216,khandyga,62.6667,135.6,285.33,38,85,2.61,RU,1684988609,12.180000000000007,9.395999999999999
217,okhotsk,59.3833,143.3,277.89,75,97,3.92,RU,1684988302,4.740000000000009,14.112
218,shiguai,40.7058,110.2856,291.06,25,25,6.56,CN,1684988610,17.910000000000025,23.616
219,kiamba,5.9894,124.6242,302.78,75,68,4.01,PH,1684988610,29.629999999999995,14.436
220,carinhanha,-14.3047,-43.765,296.02,60,89,2.55,BR,1684988611,22.870000000000005,9.18
221,noosa heads,-26.3833,153.15,297.23,64,0,2.58,AU,1684988611,24.08000000000004,9.288
222,akureyri,65.6835,-18.0878,278.11,60,75,4.63,IS,1684988210,4.960000000000036,16.668
223,rockford,42.2711,-89.094,286.41,44,75,2.57,US,1684988405,13.260000000000048,9.251999999999999
224,kruisfontein,-34.0033,24.7314,285.85,51,59,0.79,ZA,1684988612,12.700000000000045,2.8440000000000003
225,acarau,-2.8856,-40.12,297.98,86,98,4.73,BR,1684988612,24.83000000000004,17.028000000000002
226,hassi messaoud,31.6804,6.0729,292.07,42,49,0.51,DZ,1684988612,18.920000000000016,1.836
227,bluffdale,40.4897,-111.9388,291.75,63,0,6.26,US,1684988613,18.600000000000023,22.536
228,aljezur,37.3191,-8.8033,288.59,85,3,1.61,PT,1684988613,15.439999999999998,5.796
229,jamestown,42.097,-79.2353,281.88,76,0,2.57,US,1684988093,8.730000000000018,9.251999999999999
230,crotone,39.0851,17.1178,289.92,65,9,1.49,IT,1684988613,16.77000000000004,5.364
231,chul'man,56.8479,124.9104,285.07,42,58,2.66,RU,1684988614,11.920000000000016,9.576
232,gadzhiyevo,69.2551,33.3362,284.39,66,100,8.02,RU,1684988278,11.240000000000009,28.872
233,carnarvon,-24.8667,113.6333,297.35,46,100,8.21,AU,1684988348,24.200000000000045,29.556000000000004
234,ak-suu,42.4995,78.527,283.03,66,61,2.29,KG,1684988615,9.879999999999995,8.244
235,brookings,44.3114,-96.7984,294.36,44,0,6.69,US,1684988217,21.210000000000036,24.084000000000003
236,entebbe,0.0644,32.4469,295.05,77,52,2.09,UG,1684988615,21.900000000000034,7.524
237,st. john's,47.5649,-52.7093,278.13,86,0,6.17,CA,1684988042,4.980000000000018,22.212
238,haenam,34.5711,126.5989,294.45,44,7,5.21,KR,1684988617,21.30000000000001,18.756
239,talnakh,69.4865,88.3972,273.82,90,100,2.26,RU,1684988270,0.6700000000000159,8.136
240,praia da vitoria,38.7333,-27.0667,290.29,82,75,4.74,PT,1684988617,17.140000000000043,17.064
241,sao joaquim,-28.2939,-49.9317,281.66,95,0,1.45,BR,1684988618,8.510000000000048,5.22
242,koryazhma,61.3143,47.1691,289.78,91,100,3.9,RU,1684988618,16.629999999999995,14.04
243,moyamba,8.1667,-12.4333,296.33,98,100,1.04,SL,1684988618,23.180000000000007,3.744
244,bulgan,48.8125,103.5347,281.32,41,100,4.84,MN,1684988619,8.170000000000016,17.424
245,northam,51.0333,-4.2167,283.37,92,0,1.83,GB,1684988251,10.220000000000027,6.588
246,saint-philippe,-21.3585,55.7679,295.92,90,100,4.27,RE,1684988292,22.77000000000004,15.371999999999998
247,geraldton,-28.7667,114.6,292.38,42,0,9.77,AU,1684988309,19.230000000000018,35.172
248,meadow lakes,61.6247,-149.6011,289.08,49,20,1.79,US,1684988620,15.930000000000007,6.444
249,korsakov,46.6328,142.7813,294.06,67,8,6.58,RU,1684988621,20.910000000000025,23.688000000000002
250,polyarnyy,69.1989,33.4478,284.44,66,100,7.68,RU,1684988212,11.29000000000002,27.648
251,kasongo-lunda,-6.4667,16.8167,294.96,81,58,0.3,CD,1684988621,21.810000000000002,1.08
252,port augusta,-32.5,137.7667,291.67,60,100,8.47,AU,1684988238,18.52000000000004,30.492000000000004
253,irkutsk,52.2978,104.2964,279.58,61,75,9.0,RU,1684988391,6.430000000000007,32.4
254,inhambane,-23.865,35.3833,294.14,83,40,3.09,MZ,1684988252,20.99000000000001,11.124
255,san angelo,31.4638,-100.437,294.56,77,0,3.6,US,1684988622,21.410000000000025,12.96
256,bengkulu,-3.8004,102.2655,302.76,66,11,3.1,ID,1684988248,29.610000000000014,11.16
257,road town,18.4167,-64.6167,300.58,76,67,5.74,VG,1684988386,27.430000000000007,20.664
258,karonga,-9.9333,33.9333,293.48,81,7,1.79,MW,1684988623,20.33000000000004,6.444
259,basco,20.4487,121.9702,300.91,76,9,3.51,PH,1684988623,27.760000000000048,12.636
260,uliastay,47.7417,96.8444,278.48,78,98,2.11,MN,1684988624,5.330000000000041,7.596
261,hudiksvall,61.729,17.1036,281.93,58,100,2.59,SE,1684988399,8.78000000000003,9.324
262,aginskoye,51.1,114.53,284.47,26,100,8.34,RU,1684988624,11.32000000000005,30.024
263,liaocheng,36.4439,115.9647,293.48,59,100,7.57,CN,1684988625,20.33000000000004,27.252000000000002
264,swakopmund,-22.6833,14.5333,286.47,89,7,0.89,NA,1684988625,13.32000000000005,3.204
265,minot,48.2325,-101.2963,294.27,64,0,6.69,US,1684988291,21.120000000000005,24.084000000000003
266,barwadih,23.8333,84.1167,312.95,18,0,2.79,IN,1684988626,39.80000000000001,10.044
267,yershov,51.3513,48.2766,293.66,48,89,6.99,RU,1684988626,20.510000000000048,25.164
268,enewetak,11.3474,162.3373,300.98,78,100,6.84,MH,1684988333,27.83000000000004,24.624
269,changli,39.7042,119.1506,295.05,43,100,8.06,CN,1684988627,21.900000000000034,29.016000000000002
270,nar'yan-mar,67.6713,53.087,290.77,68,97,4.47,RU,1684988357,17.620000000000005,16.092
271,prince rupert,54.3161,-130.3201,284.2,93,0,6.69,CA,1684988627,11.050000000000011,24.084000000000003
272,hammerfest,70.6634,23.6821,281.4,53,0,4.12,NO,1684988208,8.25,14.832
273,hamilton,39.1834,-84.5333,291.43,57,0,7.72,US,1684988157,18.28000000000003,27.791999999999998
274,nabire,-3.3667,135.4833,302.7,74,51,2.23,ID,1684988628,29.55000000000001,8.028
275,berezovyy,51.6667,135.7,292.73,50,99,3.07,RU,1684988628,19.58000000000004,11.052
276,wad az zaki,14.4619,32.2065,304.88,18,0,1.81,SD,1684988628,31.730000000000018,6.516
277,posto fiscal rolim de moura,-13.0833,-62.2667,297.34,79,90,0.79,BR,1684988629,24.189999999999998,2.8440000000000003
278,tual,-5.6667,132.75,300.57,73,52,10.57,ID,1684988280,27.420000000000016,38.052
279,guenange,49.2995,6.2075,281.34,85,9,2.9,FR,1684988629,8.189999999999998,10.44
280,arkalyk,50.2486,66.9114,295.15,27,0,2.83,KZ,1684988630,22.0,10.188
281,laguna,38.421,-121.4238,293.32,70,0,5.14,US,1684988630,20.170000000000016,18.503999999999998
282,idri,27.5,13.2667,298.16,14,97,4.06,LY,1684988630,25.010000000000048,14.616
283,bandarbeyla,9.4942,50.8122,301.11,73,100,7.24,SO,1684988630,27.960000000000036,26.064
284,tsiombe,-25.3,45.4833,289.88,68,2,2.53,MG,1684988631,16.730000000000018,9.107999999999999
285,nagqu,31.5,92.0,284.39,28,74,5.74,CN,1684988161,11.240000000000009,20.664
286,east london,-33.0153,27.9116,295.67,30,0,4.12,ZA,1684988190,22.52000000000004,14.832
287,zabaykal'sk,49.6333,117.3167,292.65,25,100,4.56,RU,1684988632,19.5,16.416
288,miri,4.4148,114.0089,305.23,74,40,2.06,MY,1684988633,32.08000000000004,7.416
289,san julian,21.0167,-102.1667,295.31,18,10,3.37,MX,1684988633,22.160000000000025,12.132000000000001
290,fortaleza,-3.7227,-38.5247,299.22,83,0,2.57,BR,1684988634,26.07000000000005,9.251999999999999
291,midvagur,62.0511,-7.1939,280.61,76,40,12.35,FO,1684988634,7.460000000000036,44.46
292,yuzhno-kurilsk,44.0306,145.8556,288.03,60,0,5.0,RU,1684988236,14.879999999999995,18.0
293,madera,37.1666,-119.8343,295.2,55,1,2.4,US,1684988484,22.05000000000001,8.64
294,lezhe,41.7836,19.6436,289.82,85,38,1.94,AL,1684988635,16.670000000000016,6.984
295,vernon,50.2581,-119.2691,288.35,63,100,1.03,CA,1684988635,15.200000000000045,3.708
296,starobaltachevo,56.0013,55.9213,294.55,49,81,1.63,RU,1684988635,21.400000000000034,5.867999999999999
297,san andres,12.5847,-81.7006,300.16,78,20,1.03,CO,1684988636,27.010000000000048,3.708
298,az zubayr,30.3945,47.7011,306.9,26,99,5.23,IQ,1684988636,33.75,18.828000000000003
299,rozdilna,46.8433,30.0792,289.51,82,10,2.97,UA,1684988636,16.360000000000014,10.692
300,hawaiian paradise park,19.5933,-154.9731,294.84,96,100,0.0,US,1684988192,21.689999999999998,0.0
301,sidi khaled,34.387,4.9879,292.76,54,2,3.75,DZ,1684988636,19.610000000000014,13.5
302,brzeziny,51.8002,19.7514,285.31,98,43,3.88,PL,1684988637,12.160000000000025,13.968
303,zemio,5.0314,25.1361,293.41,92,52,1.38,CF,1684988637,20.260000000000048,4.968
304,strathalbyn,-35.2667,138.9,288.21,93,100,5.7,AU,1684988637,15.060000000000002,20.52
305,verdal,63.7933,11.4817,280.17,86,88,7.25,NO,1684988637,7.020000000000039,26.1
306,port alfred,-33.5906,26.891,292.03,44,94,2.66,ZA,1684988179,18.879999999999995,9.576
307,brandon,27.9378,-82.2859,295.86,89,40,4.63,US,1684988546,22.710000000000036,16.668
308,port saint john's,-31.6229,29.5448,291.75,50,99,3.89,ZA,1684988210,18.600000000000023,14.004000000000001
309,kavarna,43.4333,28.3333,285.75,81,31,1.2,BG,1684988638,12.600000000000023,4.32
310,badger,64.8,-147.5333,293.43,41,100,2.57,US,1684988218,20.28000000000003,9.251999999999999
311,san lorenzo de esmeraldas,1.2883,-78.8369,297.95,93,100,1.95,EC,1684988639,24.80000000000001,7.02
312,singkil,-7.9855,111.4161,303.12,60,19,2.96,ID,1684988639,29.970000000000027,10.656
313,egilsstadir,65.2653,-14.3948,279.1,52,75,6.69,IS,1684988272,5.9500000000000455,24.084000000000003
314,kalianget,-7.05,113.9333,301.71,66,3,4.51,ID,1684988278,28.560000000000002,16.236
315,labrador city,52.9463,-66.9114,271.1,80,0,2.06,CA,1684988174,-2.0499999999999545,7.416
316,wiwili,13.6268,-85.8254,297.81,82,80,1.66,NI,1684988640,24.660000000000025,5.976
317,teguise,29.0605,-13.564,288.27,77,40,1.54,ES,1684988250,15.120000000000005,5.5440000000000005
318,kavaratti,10.5669,72.642,302.77,66,7,1.94,IN,1684988338,29.620000000000005,6.984
319,ad dilam,23.9915,47.1627,303.38,27,3,6.33,SA,1684988640,30.230000000000018,22.788
320,bosaso,11.2842,49.1816,304.62,54,94,3.88,SO,1684988641,31.470000000000027,13.968
321,abalak,58.1286,68.5944,293.43,51,55,3.11,RU,1684988641,20.28000000000003,11.196
322,bhamo,24.2667,97.2333,307.3,43,76,0.75,MM,1684988641,34.150000000000034,2.7
323,kununurra,-15.7667,128.7333,303.14,19,8,4.12,AU,1684988642,29.99000000000001,14.832
324,kangding,30.0513,101.9603,291.1,71,52,2.48,CN,1684988158,17.950000000000045,8.928
325,guerrero negro,27.9769,-114.0611,289.02,79,5,6.6,MX,1684988642,15.870000000000005,23.759999999999998
326,mwene-ditu,-7.0,23.45,293.26,69,11,1.18,CD,1684988642,20.110000000000014,4.248
327,konarka,19.9,86.1167,307.37,66,66,7.47,IN,1684988642,34.22000000000003,26.892
328,rongelap,11.1635,166.8941,300.92,79,94,7.0,MH,1684988219,27.77000000000004,25.2
329,prince albert,53.2001,-105.7677,285.12,100,100,2.06,CA,1684988643,11.970000000000027,7.416
330,hithadhoo,-0.6,73.0833,301.84,74,95,4.46,MV,1684988245,28.689999999999998,16.056
331,juneau,58.3019,-134.4197,285.05,93,100,3.09,US,1684988563,11.900000000000034,11.124
332,drobeta-turnu severin,44.6319,22.6561,288.09,88,8,1.4,RO,1684988644,14.939999999999998,5.04
333,ulsteinvik,62.3432,5.8487,282.46,83,79,8.49,NO,1684988352,9.310000000000002,30.564
334,pingnan,23.5543,110.3976,302.24,77,100,2.2,CN,1684988644,29.090000000000032,7.920000000000001
335,acapulco de juarez,16.8634,-99.8901,302.05,74,40,4.12,MX,1684988645,28.900000000000034,14.832
336,markovo,57.3206,107.0881,280.68,67,95,2.06,RU,1684988645,7.53000000000003,7.416
337,yenisehir,40.2644,29.6531,287.18,100,75,0.0,TR,1684988645,14.03000000000003,0.0
338,mossel bay,-34.1831,22.146,282.11,61,61,2.71,ZA,1684988645,8.960000000000036,9.756
339,kourou,5.1552,-52.6478,297.18,93,100,2.42,GF,1684988276,24.03000000000003,8.712
340,susuman,62.7833,148.1667,280.53,42,100,1.95,RU,1684988239,7.3799999999999955,7.02
341,salalah,17.0151,54.0924,304.2,74,40,4.12,OM,1684988423,31.05000000000001,14.832
342,mongoumba,3.6415,18.5936,296.25,79,92,1.25,CF,1684988646,23.100000000000023,4.5
343,gaigeturi,33.4644,126.3183,294.18,73,40,5.14,KR,1684988646,21.03000000000003,18.503999999999998
344,timbuktu,16.7735,-3.0074,302.55,20,49,8.84,ML,1684988646,29.400000000000034,31.824
345,verkhnevilyuysk,63.4453,120.3167,284.5,40,28,3.5,RU,1684988646,11.350000000000023,12.6
346,bel ombre,-4.6167,55.4167,301.06,78,20,3.6,SC,1684988274,27.910000000000025,12.96
347,tayshet,55.9342,98.0044,281.08,45,69,4.95,RU,1684988647,7.930000000000007,17.82
348,zapolyarnyy,69.4154,30.8136,283.75,63,97,10.48,RU,1684988478,10.600000000000023,37.728
349,pirane,-25.7324,-59.1088,292.87,71,0,3.67,AR,1684988647,19.720000000000027,13.212
350,daru,-9.0763,143.2092,298.3,88,100,7.05,PG,1684988647,25.150000000000034,25.38
351,hami,42.8,93.45,297.38,13,2,1.48,CN,1684988340,24.230000000000018,5.328
352,ciudad fernandez,21.95,-100.0,295.34,72,43,2.65,MX,1684988647,22.189999999999998,9.54
353,nova sintra,14.8667,-24.7167,293.64,80,92,5.74,CV,1684988278,20.49000000000001,20.664
354,queenstown,-31.8976,26.8753,284.36,31,100,1.72,ZA,1684988297,11.210000000000036,6.192
355,ciudad lazaro cardenas,17.9583,-102.2,300.78,73,100,2.14,MX,1684988648,27.629999999999995,7.704000000000001
356,dahab,28.501,34.5134,300.15,36,0,3.93,EG,1684988648,27.0,14.148000000000001
357,conception bay south,47.4999,-52.9981,278.0,88,1,2.59,CA,1684988648,4.850000000000023,9.324
358,zhumysker,49.3333,49.4,296.61,35,96,6.67,KZ,1684988648,23.460000000000036,24.012
359,akrehamn,59.2667,5.1833,282.29,81,100,6.69,NO,1684988280,9.140000000000043,24.084000000000003
360,oamaru,-45.0784,170.9801,290.03,59,27,2.61,NZ,1684988648,16.879999999999995,9.395999999999999
361,walvis bay,-22.9575,14.5053,286.53,87,6,2.22,NA,1684988317,13.379999999999995,7.992000000000001
362,poso,-1.3959,120.7524,299.93,82,92,1.39,ID,1684988649,26.78000000000003,5.004
363,yermentau,51.6214,73.1069,293.89,37,30,3.83,KZ,1684988649,20.74000000000001,13.788
364,freeport,40.6576,-73.5832,288.16,76,100,6.69,US,1684988649,15.010000000000048,24.084000000000003
365,anderson,34.5334,-82.6499,291.5,71,0,0.0,US,1684988644,18.350000000000023,0.0
366,hirara,24.8,125.2833,301.3,69,40,3.6,JP,1684988242,28.150000000000034,12.96
367,puerto cabezas,14.0351,-83.3888,299.52,78,79,1.92,NI,1684988650,26.370000000000005,6.912
368,jamaame,0.0697,42.745,299.45,75,9,2.61,SO,1684988650,26.30000000000001,9.395999999999999
369,ulanhot,46.0833,122.0833,296.92,32,85,11.84,CN,1684988650,23.77000000000004,42.624
370,mont-dore,-22.2833,166.5833,297.14,56,93,4.23,NC,1684988650,23.99000000000001,15.228000000000002
371,saudarkrokur,65.7461,-19.6394,276.58,78,27,9.85,IS,1684988310,3.430000000000007,35.46
372,washington,47.5001,-120.5015,290.37,54,50,1.54,US,1684988464,17.220000000000027,5.5440000000000005
373,fairbanks,64.8378,-147.7164,293.48,41,100,2.57,US,1684988581,20.33000000000004,9.251999999999999
374,el calafate,-50.3408,-72.2768,271.8,76,37,1.53,AR,1684988378,-1.349999999999966,5.508
375,toliara,-23.35,43.6667,290.15,77,0,5.07,MG,1684988298,17.0,18.252000000000002
376,ingeniero jacobacci,-41.3427,-69.5448,277.14,71,53,6.62,AR,1684988651,3.990000000000009,23.832
377,perieni,46.3,27.6167,288.68,80,24,3.15,RO,1684988651,15.53000000000003,11.34
378,arnedo,42.2167,-2.1,285.87,87,16,4.8,ES,1684988510,12.720000000000027,17.28
379,turaif,31.6725,38.6637,292.29,59,0,5.14,SA,1684988265,19.140000000000043,18.503999999999998
380,kendari,-3.945,122.4989,300.68,82,100,0.5,ID,1684988652,27.53000000000003,1.8
381,lautoka,-17.6167,177.4667,298.07,69,75,5.66,FJ,1684988653,24.920000000000016,20.376
382,taiyuan,37.8694,112.5603,297.07,33,20,3.0,CN,1684988653,23.920000000000016,10.8
383,ponta delgada,37.7333,-25.6667,289.55,82,20,5.14,PT,1684988653,16.400000000000034,18.503999999999998
384,salinas,36.6777,-121.6555,286.8,82,75,5.66,US,1684988383,13.650000000000034,20.376
385,miquelon,47.0975,-56.3814,276.15,79,51,3.48,PM,1684988653,3.0,12.528
386,fortuna,40.5982,-124.1573,285.18,94,100,3.09,US,1684988211,12.03000000000003,11.124
387,mejit,10.2753,170.8646,300.74,78,100,6.99,MH,1684988288,27.590000000000032,25.164
388,marsh harbour,26.5412,-77.0636,298.45,76,84,4.74,BS,1684988654,25.30000000000001,17.064
389,tago,9.0211,126.2317,303.81,65,36,3.3,PH,1684988654,30.660000000000025,11.879999999999999
390,almeirim,-1.5233,-52.5817,296.37,97,51,1.3,BR,1684988654,23.220000000000027,4.680000000000001
391,nanticoke,41.2054,-76.0049,285.09,75,47,5.31,US,1684988453,11.939999999999998,19.116
392,pailon,-17.65,-62.75,297.65,92,49,3.18,BO,1684988654,24.5,11.448
393,saint-joseph,-21.3667,55.6167,295.36,86,100,4.29,RE,1684988242,22.210000000000036,15.444
394,aleksandrovsk-sakhalinskiy,50.8975,142.1561,287.5,71,18,2.36,RU,1684988654,14.350000000000023,8.496
395,trairi,-3.2778,-39.2689,297.39,89,95,2.91,BR,1684988380,24.24000000000001,10.476
396,lieksa,63.3167,30.0167,284.62,72,98,5.07,FI,1684988655,11.470000000000027,18.252000000000002
397,conceicao da feira,-12.5058,-38.9986,293.78,95,92,1.91,BR,1684988655,20.629999999999995,6.8759999999999994
398,chefchaouene,35.1688,-5.2636,281.91,88,0,1.25,MA,1684988655,8.760000000000048,4.5
399,andergrove,-21.0833,149.1833,299.62,62,17,6.68,AU,1684988655,26.470000000000027,24.048
400,ritchie,-29.038,24.6028,289.71,34,96,8.59,ZA,1684988655,16.560000000000002,30.924
401,salinopolis,-0.6136,-47.3561,298.64,89,96,4.35,BR,1684988656,25.49000000000001,15.659999999999998
402,paradip garh,20.3167,86.6167,307.36,57,46,6.2,IN,1684988656,34.210000000000036,22.32
403,opuwo,-18.0607,13.84,288.21,51,7,1.75,NA,1684988656,15.060000000000002,6.3
404,sanctuary point,-35.1114,150.629,293.26,35,100,4.9,AU,1684988656,20.110000000000014,17.64
405,ivdel',60.6911,60.4206,295.1,45,62,0.97,RU,1684988656,21.950000000000045,3.492
406,haiku-pauwela,20.9219,-156.3051,298.16,70,40,8.75,US,1684988242,25.010000000000048,31.5
407,nadym,65.5333,72.5167,284.53,47,0,5.16,RU,1684988656,11.379999999999995,18.576
408,weno,7.4515,151.8468,301.41,67,99,0.73,FM,1684988346,28.260000000000048,2.628
409,revda,56.801,59.9303,296.05,35,43,1.56,RU,1684988657,22.900000000000034,5.6160000000000005
410,fendou,46.65,124.8667,298.9,30,92,11.58,CN,1684988657,25.75,41.688
411,mukalla,14.5425,49.1242,302.26,72,35,2.76,YE,1684988205,29.110000000000014,9.936
412,belyy yar,53.6039,91.3903,287.09,26,0,2.0,RU,1684988280,13.939999999999998,7.2
413,noumea,-22.2763,166.4572,297.14,56,92,4.59,NC,1684988239,23.99000000000001,16.524
414,impfondo,1.6381,18.0667,295.42,91,37,1.17,CG,1684988658,22.27000000000004,4.212
415,limon,10.0,-83.0333,299.85,80,99,3.79,CR,1684988367,26.700000000000045,13.644
416,general acha,-37.377,-64.6043,286.01,47,100,3.09,AR,1684988658,12.860000000000014,11.124
417,maceio,-9.6658,-35.7353,295.84,100,100,2.57,BR,1684988280,22.689999999999998,9.251999999999999
418,thinadhoo,0.5333,72.9333,301.95,74,92,4.57,MV,1684988658,28.80000000000001,16.452
419,champerico,14.3,-91.9167,301.56,75,79,0.74,GT,1684988658,28.410000000000025,2.664
420,yabelo,4.8833,38.0833,287.92,86,84,2.37,ET,1684988658,14.770000000000039,8.532
421,fernie,49.5,-115.0687,287.26,54,34,1.17,CA,1684988659,14.110000000000014,4.212
422,pottsville,40.6857,-76.1955,286.97,72,44,3.58,US,1684988588,13.82000000000005,12.888
423,mahibadhoo,3.7833,72.9667,301.72,74,94,3.49,MV,1684988659,28.57000000000005,12.564000000000002
424,manay,7.215,126.5397,303.73,68,86,2.04,PH,1684988659,30.58000000000004,7.344
425,valle de bravo,19.1833,-100.1333,293.63,63,93,1.35,MX,1684988659,20.480000000000018,4.86
426,hauterive,46.0901,3.4459,282.57,97,3,1.12,FR,1684988659,9.420000000000016,4.032000000000001
427,prabumulih,-3.45,104.25,304.09,58,10,2.34,ID,1684988661,30.939999999999998,8.424
428,comodoro rivadavia,-45.8667,-67.5,282.07,46,0,11.83,AR,1684988661,8.920000000000016,42.588
429,xuddur,4.1213,43.8894,296.32,76,87,4.01,SO,1684988661,23.170000000000016,14.436
430,huarmey,-10.0681,-78.1522,295.17,83,62,4.09,PE,1684988661,22.02000000000004,14.724
431,imbituba,-28.24,-48.6703,291.7,95,15,4.68,BR,1684988041,18.55000000000001,16.848
432,al jawf,29.5,38.75,297.83,24,18,2.26,SA,1684988662,24.680000000000007,8.136
433,neryungri,56.6709,124.6491,284.78,44,68,2.76,RU,1684988662,11.629999999999995,9.936
434,sitka,57.0531,-135.33,284.09,87,100,2.06,US,1684988662,10.939999999999998,7.416
435,loango,-4.6719,11.8312,297.96,94,75,2.06,CG,1684988662,24.810000000000002,7.416
436,puerto aysen,-45.4,-72.7,277.71,100,100,3.41,CL,1684988662,4.560000000000002,12.276000000000002
437,mpulungu,-8.7623,31.1141,294.94,71,19,2.71,ZM,1684988662,21.79000000000002,9.756
438,mpigi,0.225,32.3136,290.15,95,52,0.67,UG,1684988663,17.0,2.4120000000000004
439,jatai,-17.8814,-51.7144,289.22,70,18,1.27,BR,1684988663,16.07000000000005,4.572
440,sunchales,-30.944,-61.5615,293.19,79,97,2.94,AR,1684988485,20.04000000000002,10.584
441,paita,-5.0892,-81.1144,297.15,79,58,4.71,PE,1684988217,24.0,16.956
442,safonovo,55.15,33.2167,286.76,89,10,1.55,RU,1684988663,13.610000000000014,5.58
443,muroto-misakicho,33.2833,134.15,293.73,58,59,3.48,JP,1684988663,20.58000000000004,12.528
444,oranjemund,-28.55,16.4333,286.01,86,34,4.71,NA,1684988663,12.860000000000014,16.956
445,westport,41.1415,-73.3579,287.63,80,100,4.12,US,1684988186,14.480000000000018,14.832
446,kirkwall,58.9848,-2.9587,282.57,81,40,4.63,GB,1684988664,9.420000000000016,16.668
447,tucuma,-0.1833,-50.05,297.37,95,94,2.5,BR,1684988615,24.220000000000027,9.0
448,flying fish cove,-10.4217,105.6791,298.97,88,100,5.66,CX,1684988324,25.82000000000005,20.376
449,wewak,-3.5534,143.6268,300.27,84,100,2.08,PG,1684988664,27.120000000000005,7.488
450,alta,69.9689,23.2717,281.74,58,0,4.63,NO,1684988664,8.590000000000032,16.668
451,santa cruz,-17.8,-63.1667,296.85,94,20,4.63,BO,1684988605,23.700000000000045,16.668
452,elverum,60.8819,11.5623,279.68,58,0,2.12,NO,1684988665,6.53000000000003,7.632000000000001
453,talcahuano,-36.7167,-73.1167,284.97,100,100,2.57,CL,1684988324,11.82000000000005,9.251999999999999
454,villa gesell,-37.2639,-56.973,290.4,98,98,3.31,AR,1684988231,17.25,11.916
455,camana,-16.6228,-72.7111,291.99,89,94,2.74,PE,1684988665,18.840000000000032,9.864
456,ust'-ilimsk,58.0006,102.6619,277.15,95,100,5.91,RU,1684988665,4.0,21.276
457,mount pearl,47.5166,-52.7813,277.67,86,0,6.17,CA,1684988168,4.520000000000039,22.212
458,zhosaly,45.4878,64.0781,296.8,25,5,6.0,KZ,1684988665,23.650000000000034,21.6
459,zagora,30.3484,-5.8365,293.27,20,3,1.03,MA,1684988666,20.120000000000005,3.708
460,kayangel,8.0823,134.7173,302.46,75,12,5.41,PW,1684988666,29.310000000000002,19.476000000000003
461,oyo,7.85,3.9333,296.49,98,100,1.54,NG,1684988666,23.340000000000032,5.5440000000000005
462,bei'an,24.5399,109.533,300.53,79,99,2.7,CN,1684988666,27.379999999999995,9.72
463,nouadhibou,20.931,-17.0347,292.14,82,100,5.66,MR,1684988666,18.99000000000001,20.376
464,keetmanshoop,-26.5833,18.1333,289.66,33,76,3.09,NA,1684988666,16.510000000000048,11.124
465,tateyama,34.9833,139.8667,292.95,63,100,3.93,JP,1684988335,19.80000000000001,14.148000000000001
466,joao camara,-5.5375,-35.8197,293.99,97,28,2.64,BR,1684988667,20.840000000000032,9.504000000000001
467,wau,7.7029,27.9953,297.94,64,90,2.69,SS,1684988667,24.79000000000002,9.684
468,juegang,32.3174,121.1855,296.05,65,69,3.93,CN,1684988631,22.900000000000034,14.148000000000001
469,eastham,41.8301,-69.9739,286.33,87,100,4.92,US,1684988667,13.180000000000007,17.712
470,valparaiso,-33.0393,-71.6273,289.26,62,75,0.0,CL,1684988631,16.110000000000014,0.0
471,chela,34.069,104.4619,282.69,82,100,1.42,CN,1684988668,9.54000000000002,5.112
472,errachidia,31.9275,-4.4285,292.18,39,0,5.14,MA,1684988668,19.03000000000003,18.503999999999998
473,sola,-13.8833,167.55,299.61,74,98,9.67,VU,1684988668,26.460000000000036,34.812
474,mermoz boabab,14.7065,-17.4758,297.46,80,100,9.29,SN,1684988668,24.310000000000002,33.443999999999996
475,ivatsevichy,52.709,25.3401,288.1,76,74,1.27,BY,1684988669,14.950000000000045,4.572
476,nishinoomote,30.7333,131.0,298.46,57,20,4.63,JP,1684988277,25.310000000000002,16.668
477,sao gabriel da cachoeira,-0.1303,-67.0892,296.1,98,100,0.5,BR,1684988570,22.950000000000045,1.8
478,ghadamis,30.1337,9.5007,294.81,44,100,2.53,LY,1684988670,21.660000000000025,9.107999999999999
479,t'ongch'on-up,38.9539,127.8917,294.96,50,91,2.7,KP,1684988670,21.810000000000002,9.72
480,la'ie,21.6477,-157.9253,300.13,73,5,2.24,US,1684988199,26.980000000000018,8.064000000000002
481,colonel hill,22.7667,-74.2167,299.82,73,86,3.6,BS,1684988290,26.670000000000016,12.96
482,kamyaran,34.7956,46.9355,293.87,43,98,0.52,IR,1684988670,20.720000000000027,1.872
483,salo,45.6086,10.531,290.65,84,100,4.58,IT,1684988670,17.5,16.488
484,horta,38.5333,-28.6333,288.72,79,21,3.13,PT,1684988671,15.57000000000005,11.268
485,jand,33.4299,72.0193,301.17,47,3,3.44,PK,1684988671,28.02000000000004,12.384
486,carutapera,-1.195,-46.02,297.19,95,89,2.43,BR,1684988175,24.04000000000002,8.748000000000001
487,chengde,40.9725,117.9361,299.65,26,15,7.17,CN,1684988671,26.5,25.812
488,bodaybo,57.8506,114.1933,278.02,98,100,1.83,RU,1684988671,4.8700000000000045,6.588
489,oyama,36.3,139.8,296.81,44,100,1.39,JP,1684988671,23.660000000000025,5.004
490,sosnovo-ozerskoye,52.5249,111.5418,282.71,24,68,7.46,RU,1684988672,9.560000000000002,26.856
491,tayug,16.0274,120.7434,306.61,56,85,1.88,PH,1684988672,33.460000000000036,6.768
492,portland,45.5234,-122.6762,293.14,59,20,5.14,US,1684988172,19.99000000000001,18.503999999999998
493,machico,32.7,-16.7667,290.77,82,20,0.51,PT,1684988672,17.620000000000005,1.836
494,chemolgan,43.1897,76.5292,291.96,47,12,2.09,KZ,1684988672,18.810000000000002,7.524
495,merizo village,13.2658,144.6691,300.0,86,100,14.76,GU,1684988672,26.850000000000023,53.136
496,rio tuba,8.5061,117.4317,302.83,68,73,5.98,PH,1684988673,29.680000000000007,21.528000000000002
497,tralee,52.2704,-9.7026,282.38,96,21,1.3,IE,1684988263,9.230000000000018,4.680000000000001
498,laojunmiao,39.8333,97.7333,288.38,17,93,2.8,CN,1684988240,15.230000000000018,10.08
499,margate,51.3813,1.3862,284.65,83,3,1.79,GB,1684988244,11.5,6.444
500,floro,61.5996,5.0328,281.13,87,75,5.14,NO,1684988221,7.980000000000018,18.503999999999998
501,tofol,5.3248,163.0078,301.68,73,44,4.22,FM,1684988274,28.53000000000003,15.192
502,sibolga,1.7427,98.7792,303.56,63,86,2.06,ID,1684988673,30.410000000000025,7.416
503,tannum sands,-23.9504,151.3693,299.12,44,0,5.66,AU,1684988673,25.970000000000027,20.376
504,kyelang,32.5833,77.0333,276.07,97,93,1.85,IN,1684988674,2.920000000000016,6.66
505,kindu,-2.95,25.95,294.5,94,92,1.01,CD,1684988674,21.350000000000023,3.636
506,port-gentil,-0.7193,8.7815,299.41,89,100,5.57,GA,1684988319,26.260000000000048,20.052000000000003
507,goderich,43.7501,-81.7165,280.32,61,31,4.12,CA,1684988674,7.170000000000016,14.832
508,popondetta,-8.7537,148.2534,296.59,99,100,1.2,PG,1684988674,23.439999999999998,4.32
509,tostado,-29.232,-61.7692,297.58,65,100,1.79,AR,1684988674,24.430000000000007,6.444
510,bom jesus,-9.0744,-44.3586,296.95,72,86,1.64,BR,1684988675,23.80000000000001,5.904
511,wanlaweyn,2.6185,44.8938,298.61,77,98,2.45,SO,1684988675,25.460000000000036,8.82
512,port moresby,-9.4431,147.1797,298.83,94,100,6.17,PG,1684988675,25.680000000000007,22.212
513,lejanias,3.5251,-74.0216,294.35,95,100,1.72,CO,1684988675,21.200000000000045,6.192
514,lahad datu,5.0268,118.327,303.81,63,100,1.57,MY,1684988675,30.660000000000025,5.652
515,kirakira,-10.4544,161.9205,300.72,84,100,1.75,SB,1684988675,27.57000000000005,6.3
516,narasannapeta,18.4167,84.05,306.55,51,84,4.72,IN,1684988676,33.400000000000034,16.992
517,sur,22.5667,59.5289,307.33,47,6,4.36,OM,1684988333,34.18000000000001,15.696000000000002
518,dakhla,23.6848,-15.958,291.45,87,92,6.9,EH,1684988676,18.30000000000001,24.840000000000003
519,turbat,26.0023,63.044,306.41,42,64,1.9,PK,1684988676,33.26000000000005,6.84
520,owando,-0.4819,15.8999,295.67,92,80,0.72,CG,1684988676,22.52000000000004,2.592
521,eraan,9.0629,117.7016,302.44,76,85,3.97,PH,1684988676,29.29000000000002,14.292000000000002
522,xining,36.6167,101.7667,286.64,46,100,5.44,CN,1684988671,13.490000000000009,19.584000000000003
523,nizhneudinsk,54.9076,99.0276,281.53,43,82,5.99,RU,1684988678,8.379999999999995,21.564
524,fort bragg,35.139,-79.006,291.37,61,75,0.0,US,1684988340,18.220000000000027,0.0
525,liwale,-9.7667,37.9333,290.32,95,2,0.94,TZ,1684988678,17.170000000000016,3.384
526,ad-damazin,11.7891,34.3592,302.6,47,11,3.69,SD,1684988678,29.450000000000045,13.284
527,chibougamau,49.9168,-74.3659,275.94,60,0,3.6,CA,1684988172,2.7900000000000205,12.96
528,taltal,-25.4,-70.4833,289.95,80,0,1.34,CL,1684988678,16.80000000000001,4.824000000000001
529,shenjiamen,29.9576,122.298,293.35,82,29,4.19,CN,1684988678,20.200000000000045,15.084000000000001
530,mercedes,-34.6515,-59.4307,291.5,98,100,2.64,AR,1684988679,18.350000000000023,9.504000000000001
531,lubang,13.8584,120.124,302.42,71,34,1.41,PH,1684988679,29.27000000000004,5.076
532,jackson,42.4165,-122.8345,293.08,37,0,2.06,US,1684988679,19.930000000000007,7.416
533,el charco,2.4769,-78.1105,297.5,95,100,0.78,CO,1684988679,24.350000000000023,2.8080000000000003
534,xai-xai,-25.0519,33.6442,291.04,94,1,3.58,MZ,1684988679,17.890000000000043,12.888
535,phan rang-thap cham,11.5667,108.9833,308.05,48,92,4.53,VN,1684988680,34.900000000000034,16.308
536,katsuren-haebaru,26.3369,127.8719,299.36,65,100,3.6,JP,1684988680,26.210000000000036,12.96
537,zhangatas,43.5667,69.75,294.28,32,2,5.75,KZ,1684988680,21.129999999999995,20.7
538,jurilovca,44.7667,28.8667,288.2,76,13,1.71,RO,1684988680,15.050000000000011,6.156
539,alytus,54.4,24.05,288.72,75,88,0.79,LT,1684988680,15.57000000000005,2.8440000000000003
540,moroto,2.5345,34.6666,291.42,79,22,1.64,UG,1684988680,18.27000000000004,5.904
541,kristiansund,63.1115,7.732,280.51,76,75,7.72,NO,1684988681,7.360000000000014,27.791999999999998
542,yoloten,37.2989,62.3597,302.23,10,0,5.28,TM,1684988681,29.08000000000004,19.008000000000003
543,yeniseysk,58.4497,92.1703,282.47,41,34,2.98,RU,1684988681,9.32000000000005,10.728
544,canico,32.6333,-16.85,290.77,83,20,0.51,PT,1684988681,17.620000000000005,1.836
545,fale old settlement,-9.3852,-171.2468,301.12,71,41,0.6,TK,1684988179,27.970000000000027,2.16
546,tuxpam de rodriguez cano,20.95,-97.4,298.4,83,21,3.17,MX,1684988489,25.25,11.412
547,zabol,32.25,67.25,295.01,21,0,2.11,AF,1684988681,21.860000000000014,7.596
548,emporia,38.4039,-96.1817,289.26,100,0,2.06,US,1684988575,16.110000000000014,7.416
